Usuario,Periodo,Comentario,ODSEW-ShBeI-hWJfub-yHKmmc-tv6Bve-hidden,ODSEW-ShBeI-hWJfub-yHKmmc-NnAfwf,uEubGf,bC3Nkc
Benjamin ramirez,a month ago,"Mande un pedido a las 1pm y llamo a las 15 a ver que sucede y me dicen que reci√©n lo est√°n preparando, lo encuentro inaudito ‚Ä¶",,,,
Hernan david Rodriguez montes,a month ago,"Weno

(Translated by Google)
Weno",,,,
Benja Enterteiment,a month ago,"Pizzas exquisitas pero sistema complicado y molesto.

(Translated by Google) ‚Ä¶",,,,
Cesar,3 months ago,"Vi hartos comentarios terribles, pero al almuerzo la atenci√≥n fue excelente, meseros atentos y muy r√°pido. La c√≥mida, especialmente el tiramisu, bastante buena. ‚Ä¶",,,,
marcelo correa,4 months ago,,,,,
Issan Chile,4 months ago,No hab√≠a un mesero fijo para cada mesa. Ven√≠a cualquiera y todos dec√≠an indicaciones diferentes para hacer valido el canje de puntos CMR. Comida aceptable: Salm√≥n a la plancha buena porci√≥n y gnocchi porci√≥n peque√±a. El mojito era puro ‚Ä¶,Like,1,,
Federico Clerici,5 months ago,"R√°pida atenci√≥n y lleg√≥ r√°pida y caliente l comida, en mi caso no fue abundante pero estaba bien para la calidad y precio. Recomendable. ‚Ä¶",,,,
Luis Silva Bravo,5 months ago,"Comida muy rica y abundante, buenos precios y excelente atenci√≥n

(Translated by Google) ‚Ä¶",,,,
La maravillosa Julie,5 months ago,"La lasa√±a orrible es como si alguien v√≥mito lo comi√≥ v√≥mito y volvio a comer y el jugo de mango estaba diluido con leche, la atenci√≥n p√©sima se equivocaron 3 veces con mi pedido y prefiero comer mil veces nada que ir a este restaurante a si ‚Ä¶",Like,1,,
Daniela Villegas,5 months ago,"P√©sima la comida, la lasagna salada, con un jam√≥n p√©simo el pesto malo, estaba hecho con cualquier cosa menos albahaca. Mal mal ‚Ä¶",Like,1,,
,,,,,,
,,,,,,
,,,,,All,
,,,,,pizza,11
,,,,,lasagna,8
,,,,,pasta,7
,,,,,price,5
,,,,,quality,4
,,,,,dishes,4
,,,,,kitchen,3
,,,,,pesto,3
,,,,,cold,3
,,,,,lemon,3
,,,,,+6,
Rodolfo B√≥rquez,5 months ago,,,,,
Yasmin Castellanos,7 months ago,"Atenci√≥n r√°pida, buenas porciones, precios acordes.

(Translated by Google) ‚Ä¶",,,,
Pablo Rodriguez,8 months ago,"No lo recomiendo, fuimos recientemente con unos amigos, pedimos pizza de ""carne""y la carne era carne molida X).... mal√≠sima, por ultimo churrasco congelado pero carne molida.......... ‚Ä¶",,,,
Kari A,a year ago,"El local es de tama√±o regular, el personal es amable pero con poco √°nimo de trabajar. Pedimos una lasa√±a que sab√≠a en exceso a crema, y una pizza de carne con cebolla caramelizada y un huevo frito, de buen sabor pero con una masa muy espesa ‚Ä¶",,,,
Paola San Martin,a year ago,,,,,
Maximiliano Mussuto,a year ago,"Llegamos tipo 7:45 ten√≠amos cine a las 9:45 , solo dos mesas con gente .. nos sentamos y como nadie se acercaba a atender le√≠ el cartel de que puedes canjear y pagar con cmr puntos, adem√°s hab√≠a se destacaba un 2x1 en pizzas y especiales de ‚Ä¶",Like,1,,
Reinaldo Rodriguez,a year ago,"Una verdadera verg√ºenza, pasta cruda y atenci√≥n indeseable de sus mesoneros

(Translated by Google) ‚Ä¶",Like,1,,
Reinaldo R. Rodriguez,a year ago,"Una verdadera verg√ºenza, me han servido pasta cruda y lo que m√°s me ha indignado es la groser√≠a, desprecio y actitud del mesonero cuando le he explicado la situaci√≥n, este se√±or no tiene idea de donde he comido yo y que ciudades! ‚Ä¶",Like,2,,
Anon,a year ago,"La comida es mala, me lleg√≥ la pasta cruda, no al dente, CRUDA!!!. Todo parec√≠a de tarro o bolsa congelada. No lo recomiendo para nada. ‚Ä¶",Like,1,,
Diego Utreras Chavez,a year ago,"Yo siempre me hago la primera impresi√≥n de un restaurante italiano si es que tiene bien escritos los platos. La palabra es fettuccine, no fettucini!!
La limonada que pedimos era m√°s az√∫car que lim√≥n. Luego mis fettuccine con pesto ‚Ä¶",Like,1,,
Camilo Andres,a year ago,"L√°stima que una estrella sea la menor calificaci√≥n, es mucho para la calidad de la comida. Nunca vengan, es caro y malo. Destacable la buena atenci√≥n de los meseros. ‚Ä¶",Like,1,,
hugo alejandro Cortes,a year ago,"Muy mal sabor de la comida, lo √∫nico de rescatar la atenci√≥n del Garzon

(Translated by Google) ‚Ä¶",Like,1,,
Gissel Valero,a year ago,"P√©sima la comida! La lasa√±a bolo√±esa con jam√≥n, la sirvieron congelada y pedimos calentarla de nuevo y segu√≠a sin cocer en el fondo.  Los ravioles duros, ped√≠ cocinarlos mas y segu√≠an igual.   P√©sima la comida! ‚Ä¶",Like,2,,
Carlos Araya,a year ago,Ensalada contundente y muy sabrosa. La pasta que prob√© en la cantidad justa y muy rica. S√≥lo deben tratar de sacar las cervezas de la carta si todav√≠a no tienen patente de alcoholes. ‚Ä¶,,,,
Cesar Venegas,a year ago,"Lugar con mala comida, la salsa de las pizzas de tarro... la provoleta lleg√≥ fr√≠a ... cuando ped√≠mos que la calentaran ... la pusieron al microonda üòí, adem√°s lo peor fue cuando lleg√≥ mi calzone... llevaba comido no con mucho gusto la mitad ‚Ä¶",Like,1,,
Camila Jaures,a year ago,"Solo puedo destacar la buena atenci√≥n del Garz√≥n. La comida un completo desastre,  nada de sabor...un fiasco rotundo...un lugar para no volver ‚Ä¶",Like,1,,
Sebastian Martinez,a year ago,"Es un insulto a la cultura italiana, pero no por culpa de los cocineros, sino del administrador. Los trabajadores tienen horarios explotadores y malos tratos, todo eso se ve reflejado en un pesimo producto final que llega a manos del ‚Ä¶",Like,2,,
ktban mowgly,a year ago,"R√°pida atenci√≥n comida lograda aunque la pasta puede comprarse en cualquier tienda no tienen un sello caracter√≠stico, la masa d e pizza decente pero lo mismo le. Falta el toque, la maduraci√≥n la fermentaci√≥n lenta, algo, claro que lo que ‚Ä¶",,,,
Wi MM,a year ago,"Buenas pastas

(Translated by Google)
Good pasta",,,,
Jaime Eduardo Sainte-Marie Rojas (jsaintemarie),a year ago,"Atenci√≥n r√°pida. Ped√≠ una lasa√±a de mariscos que estaba un poco cargada al lim√≥n, pero rica. Ojo, que parece peque√±o pero es bien contundente. ‚Ä¶",,,,
Tamara Francavila D√≠az,a year ago,"Esperamos una hora nuestros platos y llegaron fr√≠os, las papas del salm√≥n de mi madre estaban crudas y el plato de mi padre no era lo que quer√≠a. La administraci√≥n de la cocina es p√©sima. Nada que decir de los Garz√≥nes pero tienen que ver ‚Ä¶",Like,1,,
Ximena Cabezas,2 years ago,"Elegimos Pizza 2x 1 pague extra x un queso "" mejor"" recomendado x el mozo, apenas se ve√≠a. Y as√≠ no ten√≠a queso, la masa estaba mojada y se desprend√≠a de los elementos de arriba. ‚Ä¶",,,,
Pancho Carri√≥n,2 years ago,"Es un lugar agradable. Las pizzas son buenas y con ingredientes de calidad. Es bastante caro a decir verdad. Sin embargo, en la semana cuentan con promociones. Por ejemplo, martes lasagna con 20% de descuento y pizzas 2x1. En resumen, es ‚Ä¶",,,,
Tomas,2 years ago,"Buen lugar para comer. Buenas pastas, jugos naturales muy ricos (pero caros). Mi plato estaba bueno pero  la pasta de pesto un poco aceitosa. Volver√≠a denuevo a probar las pizzas. ‚Ä¶",,,,
Natalia Mercado,2 years ago,"Todo muy rico!! Las pizzas lo mejor.

(Translated by Google)
All very rich! The pizzas the best.",,,,
Camilo Vallejo,2 years ago,Platos de bastante buena calidad a buen precio. Las pizzas tienen una masa que se nota m√°s elaborada y hechas al horno profesional. La lasa√±a es muy suave y tiene una capa crocante al comienzo que le da un toque distinto. ‚Ä¶,,,,